face_width,face_length,forehead_width,jaw_width_est,ratio_len_width,ratio_jaw_forehead,face_shape
490.18236360425857,619.5234755692014,430.80297879403673,441.1641272438327,1.263863248261419,1.0240507794415663,oval
232.73983140607413,281.03284401375254,196.006699950242,209.46584826546672,1.2074978361392772,1.0686667713398301,round
